{"Kp": 87.23917846250569, "alpha": 0.007293507640943548, "T": 2.4603854725551786}