{"Kp": 1948.99236405913, "alpha": 0.07006515709012771, "T": 0.09804146967502367}