{"Kp": 9886.34227441271, "alpha": 0.06659648773562807, "T": 0.03293911027083582}