{"Kp": 39060.67390134187, "alpha": 0.06626229298549818, "T": 0.01668666381752481}