{"Kp": 41930.44948174173, "alpha": 0.06806666478986667, "T": 0.015477916778634476}