{"Kp": 124500.99999625004, "alpha": 0.07179734524985122, "T": 0.014958029481363164}