{"Kp": 19875.31287925839, "alpha": 0.06223627593094609, "T": 0.015996592674097875}