{"Kp": 648.2083380849124, "alpha": 0.06980697661451316, "T": 0.09833776067545469}