{"Kp": 4900.999900269945, "alpha": 0.0717996704893517, "T": 0.07538959763675286}