{"Kp": 51776.695296813654, "alpha": 0.07179766217525342, "T": 0.02319490949960277}