{"Kp": 409.3923614426965, "alpha": 0.06749316346923454, "T": 0.15875303173806227}