{"Kp": 81.03855937893613, "alpha": 0.019514961010247342, "T": 0.8684253425056855}