{"Kp": 2071.0678120422517, "alpha": 0.07180123204120159, "T": 0.11597166441063667}