{"Kp": 132136.84836709086, "alpha": 0.0012801328433794167, "T": 0.004787478379148295}