{"Kp": 130538.6737022875, "alpha": 0.0038087359411950834, "T": 0.004848092270562591}