{"Kp": 19521.93452025864, "alpha": 0.0631851074617496, "T": 0.016287792742955557}