{"Kp": 33152.38016480167, "alpha": 0.0005247442808205253, "T": 0.00953961736125118}