{"Kp": 71616.11910177935, "alpha": 0.06695722509753435, "T": 0.00888655174983314}