{"Kp": 207106.78118672429, "alpha": 0.07179721594908592, "T": 0.011597490789352452}