{"Kp": 499000.99999925, "alpha": 0.07179705719922656, "T": 0.007471554487005438}