{"Kp": 709.1530401110988, "alpha": 0.06731082498676544, "T": 0.08975426532508596}