{"Kp": 19840.062796709484, "alpha": 0.04984941196374276, "T": 2073368.3137099133}