{"Kp": 187.1446272229929, "alpha": 0.04099637743602222, "T": 0.36445592947784416}