{"Kp": 26157.658499781744, "alpha": 0.038980433572523114, "T": 0.01214398167647054}